CarrierName,FlightCount,StdDevDepartureDelay
British Airways,1059,2571.9047518130087
American Airlines,957,2576.9440684999854
Lufthansa,986,2578.65854262484
Emirates,1021,2611.494188644942
Qantas,984,2612.1307649948612
Singapore Airlines,997,2614.446903543967
Delta Airlines,986,2638.6368626682297
Southwest Airlines,1018,2639.1388211620865
Air France,1024,2644.1313639390273
United Airlines,968,2665.4285608731907
